Audi,100,1989
Audi,100,1989
Audi,100,1990
Audi,100,1990
Audi,100,1991
Audi,100,1992
Audi,100,1992
Audi,100,1992
Audi,100,1993
Audi,100,1993
Audi,100,1994
Audi,100,1994
Audi,100 Wagon,1989
Audi,100 Wagon,1989
Audi,100 Wagon,1994
Audi,100 quattro,1989
Audi,100 quattro,1990
Audi,100 quattro,1991
Audi,100 quattro,1992
Audi,100 quattro,1992
Audi,100 quattro,1993
Audi,100 quattro,1993
Audi,100 quattro,1994
Audi,100 quattro,1994
Audi,100 quattro Wagon,1992
Audi,100 quattro Wagon,1993
Audi,100 quattro Wagon,1994
Audi,200,1989
Audi,200,1989
Audi,200,1990
Audi,200,1991
Audi,200 quattro,1989
Audi,200 quattro,1990
Audi,200 quattro 20v,1991
Audi,200 quattro 20v Wagon,1991
Audi,200 quattro Wagon,1989
Audi,200 quattro Wagon,1990
Audi,4000,1987
Audi,4000,1987
Audi,4000 CS quattro,1986
Audi,4000 CS quattro,1987
Audi,4000 S,1986
Audi,4000 S,1986
Audi,4000s,1985
Audi,4000s,1985
Audi,4000s quattro,1985
Audi,5000 CS Turbo,1987
Audi,5000 CS Turbo,1987
Audi,5000 CS Turbo,1988
Audi,5000 CS Turbo,1988
Audi,5000 CS quattro,1986
Audi,5000 CS quattro,1987
Audi,5000 CS quattro,1988
Audi,5000 CS quattro Wagon,1986
Audi,5000 CS quattro Wagon,1987
Audi,5000 CS quattro Wagon,1988
Audi,5000 S,1986
Audi,5000 S,1986
Audi,5000 S,1986
Audi,5000 S,1987
Audi,5000 S,1987
Audi,5000 S,1987
Audi,5000 S,1987
Audi,5000 S,1988
Audi,5000 S,1988
Audi,5000 S quattro,1987
Audi,5000 S quattro,1988
Audi,5000S,1985
Audi,5000S,1985
Audi,5000S,1985
Audi,5000S,1985
Audi,5000S Wagon,1985
Audi,5000S Wagon,1985
Audi,5000S Wagon,1986
Audi,5000S Wagon,1986
Audi,5000S Wagon,1987
Audi,5000S Wagon,1987
Audi,5000S Wagon,1987
Audi,5000S Wagon,1987
Audi,5000S Wagon,1988
Audi,5000S Wagon,1988
Audi,80,1990
Audi,80,1990
Audi,80,1992
Audi,80,1992
Audi,80 quattro,1990
Audi,80 quattro,1991
Audi,80 quattro,1992
Audi,80/90,1988
Audi,80/90,1988
Audi,80/90,1988
Audi,80/90,1989
Audi,80/90,1989
Audi,80/90,1989
Audi,80/90,1989
Audi,80/90,1991
Audi,80/90,1991
Audi,80/90 quattro,1988
Audi,80/90 quattro,1989
Audi,90,1990
Audi,90,1990
Audi,90,1993
Audi,90,1993
Audi,90,1994
Audi,90,1994
Audi,90,1995
Audi,90,1995
Audi,90,1995
Audi,90 quattro,1993
Audi,90 quattro,1994
Audi,90 quattro,1995
Audi,90 quattro 20v,1990
Audi,90 quattro 20v,1991
Audi,A3,2006
Audi,A3,2006
Audi,A3,2007
Audi,A3,2007
Audi,A3,2008
Audi,A3,2008
Audi,A3,2009
Audi,A3,2009
Audi,A3,2010
Audi,A3,2010
Audi,A3,2010
Audi,A3,2011
Audi,A3,2011
Audi,A3,2011
Audi,A3,2012
Audi,A3,2012
Audi,A3,2012
Audi,A3,2013
Audi,A3,2013
Audi,A3,2013
Audi,A3,2015
Audi,A3,2015
Audi,A3,2016
Audi,A3 Cabriolet,2015
Audi,A3 Cabriolet,2016
Audi,A3 Cabriolet quattro,2015
Audi,A3 Cabriolet quattro,2016
Audi,A3 e-tron,2016
Audi,A3 e-tron ultra,2016
Audi,A3 quattro,2006
Audi,A3 quattro,2007
Audi,A3 quattro,2008
Audi,A3 quattro,2009
Audi,A3 quattro,2009
Audi,A3 quattro,2010
Audi,A3 quattro,2011
Audi,A3 quattro,2012
Audi,A3 quattro,2013
Audi,A3 quattro,2015
Audi,A3 quattro,2016
Audi,A3 quattro,2017
Audi,A4,1996
Audi,A4,1996
Audi,A4,1997
Audi,A4,1997
Audi,A4,1997
Audi,A4,1998
Audi,A4,1998
Audi,A4,1998
Audi,A4,1998
Audi,A4,1999
Audi,A4,1999
Audi,A4,1999
Audi,A4,1999
Audi,A4,2000
Audi,A4,2000
Audi,A4,2000
Audi,A4,2000
Audi,A4,2001
Audi,A4,2001
Audi,A4,2001
Audi,A4,2002
Audi,A4,2002
Audi,A4,2002
Audi,A4,2003
Audi,A4,2003
Audi,A4,2003
Audi,A4,2004
Audi,A4,2004
Audi,A4,2004
Audi,A4,2005
Audi,A4,2005
Audi,A4,2005
Audi,A4,2005
Audi,A4,2005
Audi,A4,2006
Audi,A4,2006
Audi,A4,2006
Audi,A4,2007
Audi,A4,2007
Audi,A4,2007
Audi,A4,2008
Audi,A4,2008
Audi,A4,2008
Audi,A4,2009
Audi,A4,2010
Audi,A4,2011
Audi,A4,2012
Audi,A4,2013
Audi,A4,2014
Audi,A4,2015
Audi,A4,2016
Audi,A4,2017
Audi,A4 Avant,1998
Audi,A4 Avant,2000
Audi,A4 Avant quattro,1998
Audi,A4 Avant quattro,1998
Audi,A4 Avant quattro,1999
Audi,A4 Avant quattro,1999
Audi,A4 Avant quattro,1999
Audi,A4 Avant quattro,1999
Audi,A4 Avant quattro,2000
Audi,A4 Avant quattro,2000
Audi,A4 Avant quattro,2000
Audi,A4 Avant quattro,2000
Audi,A4 Avant quattro,2001
Audi,A4 Avant quattro,2001
Audi,A4 Avant quattro,2001
Audi,A4 Avant quattro,2001
Audi,A4 Avant quattro,2002
Audi,A4 Avant quattro,2002
Audi,A4 Avant quattro,2002
Audi,A4 Avant quattro,2002
Audi,A4 Avant quattro,2003
Audi,A4 Avant quattro,2003
Audi,A4 Avant quattro,2003
Audi,A4 Avant quattro,2003
Audi,A4 Avant quattro,2004
Audi,A4 Avant quattro,2004
Audi,A4 Avant quattro,2004
Audi,A4 Avant quattro,2004
Audi,A4 Avant quattro,2005
Audi,A4 Avant quattro,2005
Audi,A4 Avant quattro,2005
Audi,A4 Avant quattro,2005
Audi,A4 Avant quattro,2005
Audi,A4 Avant quattro,2005
Audi,A4 Avant quattro,2005
Audi,A4 Avant quattro,2006
Audi,A4 Avant quattro,2006
Audi,A4 Avant quattro,2006
Audi,A4 Avant quattro,2006
Audi,A4 Avant quattro,2007
Audi,A4 Avant quattro,2007
Audi,A4 Avant quattro,2007
Audi,A4 Avant quattro,2007
Audi,A4 Avant quattro,2008
Audi,A4 Avant quattro,2008
Audi,A4 Avant quattro,2008
Audi,A4 Avant quattro,2008
Audi,A4 Avant quattro,2009
Audi,A4 Avant quattro,2010
Audi,A4 Avant quattro,2011
Audi,A4 Avant quattro,2012
Audi,A4 Cabriolet,2003
Audi,A4 Cabriolet,2003
Audi,A4 Cabriolet,2004
Audi,A4 Cabriolet,2004
Audi,A4 Cabriolet,2005
Audi,A4 Cabriolet,2005
Audi,A4 Cabriolet,2006
Audi,A4 Cabriolet,2007
Audi,A4 Cabriolet,2008
Audi,A4 Cabriolet,2009
Audi,A4 Cabriolet quattro,2004
Audi,A4 Cabriolet quattro,2005
Audi,A4 Cabriolet quattro,2006
Audi,A4 Cabriolet quattro,2007
Audi,A4 Cabriolet quattro,2007
Audi,A4 Cabriolet quattro,2008
Audi,A4 Cabriolet quattro,2008
Audi,A4 Cabriolet quattro,2009
Audi,A4 Cabriolet quattro,2009
Audi,A4 Ultra,2017
Audi,A4 allroad quattro,2017
Audi,A4 quattro,1996
Audi,A4 quattro,1996
Audi,A4 quattro,1997
Audi,A4 quattro,1997
Audi,A4 quattro,1997
Audi,A4 quattro,1998
Audi,A4 quattro,1998
Audi,A4 quattro,1998
Audi,A4 quattro,1998
Audi,A4 quattro,1999
Audi,A4 quattro,1999
Audi,A4 quattro,1999
Audi,A4 quattro,1999
Audi,A4 quattro,2000
Audi,A4 quattro,2000
Audi,A4 quattro,2000
Audi,A4 quattro,2000
Audi,A4 quattro,2001
Audi,A4 quattro,2001
Audi,A4 quattro,2001
Audi,A4 quattro,2001
Audi,A4 quattro,2002
Audi,A4 quattro,2002
Audi,A4 quattro,2002
Audi,A4 quattro,2002
Audi,A4 quattro,2003
Audi,A4 quattro,2003
Audi,A4 quattro,2003
Audi,A4 quattro,2003
Audi,A4 quattro,2004
Audi,A4 quattro,2004
Audi,A4 quattro,2004
Audi,A4 quattro,2004
Audi,A4 quattro,2005
Audi,A4 quattro,2005
Audi,A4 quattro,2005
Audi,A4 quattro,2005
Audi,A4 quattro,2005
Audi,A4 quattro,2005
Audi,A4 quattro,2005
Audi,A4 quattro,2006
Audi,A4 quattro,2006
Audi,A4 quattro,2006
Audi,A4 quattro,2006
Audi,A4 quattro,2007
Audi,A4 quattro,2007
Audi,A4 quattro,2007
Audi,A4 quattro,2007
Audi,A4 quattro,2008
Audi,A4 quattro,2008
Audi,A4 quattro,2008
Audi,A4 quattro,2008
Audi,A4 quattro,2009
Audi,A4 quattro,2009
Audi,A4 quattro,2009
Audi,A4 quattro,2010
Audi,A4 quattro,2010
Audi,A4 quattro,2011
Audi,A4 quattro,2011
Audi,A4 quattro,2012
Audi,A4 quattro,2012
Audi,A4 quattro,2013
Audi,A4 quattro,2013
Audi,A4 quattro,2013
Audi,A4 quattro,2014
Audi,A4 quattro,2014
Audi,A4 quattro,2015
Audi,A4 quattro,2015
Audi,A4 quattro,2016
Audi,A4 quattro,2016
Audi,A4 quattro,2017
Audi,A5 Cabriolet,2010
Audi,A5 Cabriolet,2011
Audi,A5 Cabriolet,2012
Audi,A5 Cabriolet,2013
Audi,A5 Cabriolet,2014
Audi,A5 Cabriolet quattro,2010
Audi,A5 Cabriolet quattro,2011
Audi,A5 Cabriolet quattro,2012
Audi,A5 Cabriolet quattro,2013
Audi,A5 Cabriolet quattro,2013
Audi,A5 Cabriolet quattro,2014
Audi,A5 Cabriolet quattro,2015
Audi,A5 Cabriolet quattro,2016
Audi,A5 Cabriolet quattro,2017
Audi,A5 quattro,2008
Audi,A5 quattro,2008
Audi,A5 quattro,2009
Audi,A5 quattro,2009
Audi,A5 quattro,2010
Audi,A5 quattro,2010
Audi,A5 quattro,2010
Audi,A5 quattro,2011
Audi,A5 quattro,2011
Audi,A5 quattro,2012
Audi,A5 quattro,2012
Audi,A5 quattro,2013
Audi,A5 quattro,2013
Audi,A5 quattro,2013
Audi,A5 quattro,2014
Audi,A5 quattro,2014
Audi,A5 quattro,2015
Audi,A5 quattro,2015
Audi,A5 quattro,2016
Audi,A5 quattro,2016
Audi,A5 quattro,2017
Audi,A5 quattro,2017
Audi,A6,1995
Audi,A6,1995
Audi,A6,1996
Audi,A6,1997
Audi,A6,1998
Audi,A6,1999
Audi,A6,2000
Audi,A6,2001
Audi,A6,2002
Audi,A6,2003
Audi,A6,2004
Audi,A6,2006
Audi,A6,2007
Audi,A6,2008
Audi,A6,2009
Audi,A6,2010
Audi,A6,2011
Audi,A6,2012
Audi,A6,2013
Audi,A6,2014
Audi,A6,2015
Audi,A6,2016
Audi,A6,2017
Audi,A6 Avant quattro,1999
Audi,A6 Avant quattro,2000
Audi,A6 Avant quattro,2001
Audi,A6 Avant quattro,2002
Audi,A6 Avant quattro,2003
Audi,A6 Avant quattro,2004
Audi,A6 Avant quattro,2006
Audi,A6 Avant quattro,2007
Audi,A6 Avant quattro,2008
Audi,A6 Avant quattro,2009
Audi,A6 Avant quattro,2010
Audi,A6 Avant quattro,2011
Audi,A6 Wagon,1995
Audi,A6 Wagon,1996
Audi,A6 Wagon,1997
Audi,A6 Wagon quattro,1998
Audi,A6 quattro,1995
Audi,A6 quattro,1995
Audi,A6 quattro,1996
Audi,A6 quattro,1997
Audi,A6 quattro,1998
Audi,A6 quattro,1999
Audi,A6 quattro,2000
Audi,A6 quattro,2000
Audi,A6 quattro,2000
Audi,A6 quattro,2000
Audi,A6 quattro,2000
Audi,A6 quattro,2001
Audi,A6 quattro,2001
Audi,A6 quattro,2001
Audi,A6 quattro,2001
Audi,A6 quattro,2002
Audi,A6 quattro,2002
Audi,A6 quattro,2002
Audi,A6 quattro,2002
Audi,A6 quattro,2003
Audi,A6 quattro,2003
Audi,A6 quattro,2003
Audi,A6 quattro,2003
Audi,A6 quattro,2004
Audi,A6 quattro,2004
Audi,A6 quattro,2004
Audi,A6 quattro,2004
Audi,A6 quattro,2005
Audi,A6 quattro,2006
Audi,A6 quattro,2006
Audi,A6 quattro,2007
Audi,A6 quattro,2007
Audi,A6 quattro,2008
Audi,A6 quattro,2008
Audi,A6 quattro,2009
Audi,A6 quattro,2009
Audi,A6 quattro,2010
Audi,A6 quattro,2010
Audi,A6 quattro,2011
Audi,A6 quattro,2011
Audi,A6 quattro,2012
Audi,A6 quattro,2013
Audi,A6 quattro,2013
Audi,A6 quattro,2014
Audi,A6 quattro,2014
Audi,A6 quattro,2014
Audi,A6 quattro,2015
Audi,A6 quattro,2015
Audi,A6 quattro,2015
Audi,A6 quattro,2016
Audi,A6 quattro,2016
Audi,A6 quattro,2016
Audi,A6 quattro,2017
Audi,A6 quattro,2017
Audi,A6 quattro Wagon,1995
Audi,A6 quattro Wagon,1996
Audi,A6 quattro Wagon,1997
Audi,A7 quattro,2012
Audi,A7 quattro,2013
Audi,A7 quattro,2014
Audi,A7 quattro,2014
Audi,A7 quattro,2015
Audi,A7 quattro,2015
Audi,A7 quattro,2016
Audi,A7 quattro,2016
Audi,A7 quattro,2017
Audi,A8,1997
Audi,A8,1997
Audi,A8,1998
Audi,A8,1998
Audi,A8,1999
Audi,A8,2003
Audi,A8,2005
Audi,A8,2006
Audi,A8,2007
Audi,A8,2008
Audi,A8,2009
Audi,A8,2010
Audi,A8,2011
Audi,A8,2012
Audi,A8,2013
Audi,A8,2013
Audi,A8,2014
Audi,A8,2014
Audi,A8,2015
Audi,A8,2015
Audi,A8 L,2000
Audi,A8 L,2001
Audi,A8 L,2002
Audi,A8 L,2003
Audi,A8 L,2004
Audi,A8 L,2005
Audi,A8 L,2005
Audi,A8 L,2006
Audi,A8 L,2006
Audi,A8 L,2007
Audi,A8 L,2007
Audi,A8 L,2008
Audi,A8 L,2008
Audi,A8 L,2009
Audi,A8 L,2009
Audi,A8 L,2010
Audi,A8 L,2011
Audi,A8 L,2012
Audi,A8 L,2012
Audi,A8 L,2013
Audi,A8 L,2013
Audi,A8 L,2013
Audi,A8 L,2014
Audi,A8 L,2014
Audi,A8 L,2014
Audi,A8 L,2014
Audi,A8 L,2015
Audi,A8 L,2015
Audi,A8 L,2015
Audi,A8 L,2015
Audi,A8 L,2016
Audi,A8 L,2016
Audi,A8 L,2016
Audi,A8 L,2016
Audi,A8 L,2017
Audi,A8 L,2017
Audi,A8 quattro,1999
Audi,A8 quattro,2000
Audi,A8 quattro,2001
Audi,A8 quattro,2002
Audi,Allroad,2001
Audi,Allroad,2001
Audi,Allroad,2002
Audi,Allroad,2002
Audi,Allroad quattro,2003
Audi,Allroad quattro,2003
Audi,Allroad quattro,2004
Audi,Allroad quattro,2004
Audi,Allroad quattro,2004
Audi,Allroad quattro,2005
Audi,Allroad quattro,2005
Audi,Allroad quattro,2005
Audi,Cabriolet,1994
Audi,Cabriolet,1995
Audi,Cabriolet,1995
Audi,Cabriolet,1996
Audi,Cabriolet,1997
Audi,Cabriolet,1998
Audi,Coupe GT,1985
Audi,Coupe GT,1985
Audi,Coupe GT,1986
Audi,Coupe GT,1986
Audi,Coupe GT,1987
Audi,Coupe GT,1987
Audi,Coupe GT,1987
Audi,Coupe GT,1987
Audi,Coupe quattro,1990
Audi,Coupe quattro,1991
Audi,Q3,2015
Audi,Q3,2016
Audi,Q3,2017
Audi,Q3 quattro,2015
Audi,Q3 quattro,2016
Audi,Q3 quattro,2017
Audi,Q5,2009
Audi,Q5,2010
Audi,Q5,2011
Audi,Q5,2011
Audi,Q5,2012
Audi,Q5,2012
Audi,Q5,2013
Audi,Q5,2013
Audi,Q5,2013
Audi,Q5,2014
Audi,Q5,2014
Audi,Q5,2014
Audi,Q5,2015
Audi,Q5,2015
Audi,Q5,2015
Audi,Q5,2016
Audi,Q5,2016
Audi,Q5,2016
Audi,Q5,2017
Audi,Q5,2017
Audi,Q5 Hybrid,2013
Audi,Q5 Hybrid,2014
Audi,Q5 Hybrid,2015
Audi,Q5 Hybrid,2016
Audi,Q7,2007
Audi,Q7,2007
Audi,Q7,2008
Audi,Q7,2008
Audi,Q7,2009
Audi,Q7,2009
Audi,Q7,2009
Audi,Q7,2010
Audi,Q7,2010
Audi,Q7,2010
Audi,Q7,2011
Audi,Q7,2011
Audi,Q7,2012
Audi,Q7,2012
Audi,Q7,2013
Audi,Q7,2013
Audi,Q7,2014
Audi,Q7,2014
Audi,Q7,2015
Audi,Q7,2015
Audi,Q7,2017
Audi,Quattro,1985
Audi,R8,2008
Audi,R8,2008
Audi,R8,2009
Audi,R8,2009
Audi,R8,2010
Audi,R8,2010
Audi,R8,2010
Audi,R8,2010
Audi,R8,2011
Audi,R8,2011
Audi,R8,2011
Audi,R8,2011
Audi,R8,2012
Audi,R8,2012
Audi,R8,2012
Audi,R8,2012
Audi,R8,2014
Audi,R8,2014
Audi,R8,2014
Audi,R8,2014
Audi,R8,2015
Audi,R8,2015
Audi,R8,2015
Audi,R8,2015
Audi,R8,2017
Audi,R8 Spyder,2011
Audi,R8 Spyder,2011
Audi,R8 Spyder,2011
Audi,R8 Spyder,2011
Audi,R8 Spyder,2012
Audi,R8 Spyder,2012
Audi,R8 Spyder,2012
Audi,R8 Spyder,2012
Audi,R8 Spyder,2014
Audi,R8 Spyder,2014
Audi,R8 Spyder,2014
Audi,R8 Spyder,2014
Audi,R8 Spyder,2015
Audi,R8 Spyder,2015
Audi,R8 Spyder,2015
Audi,R8 Spyder,2015
Audi,R8 Spyder,2017
Audi,RS 5,2013
Audi,RS 5,2014
Audi,RS 5,2015
Audi,RS 5 Cabriolet,2013
Audi,RS 5 Cabriolet,2014
Audi,RS 5 Cabriolet,2015
Audi,RS 7,2014
Audi,RS 7,2015
Audi,RS 7,2016
Audi,RS 7,2017
Audi,RS4,2007
Audi,RS4,2008
Audi,RS4 Cabriolet,2008
Audi,RS6,2003
Audi,S3,2015
Audi,S3,2016
Audi,S3,2017
Audi,S4,1992
Audi,S4,1993
Audi,S4,1994
Audi,S4,2000
Audi,S4,2000
Audi,S4,2001
Audi,S4,2001
Audi,S4,2002
Audi,S4,2002
Audi,S4,2004
Audi,S4,2004
Audi,S4,2005
Audi,S4,2005
Audi,S4,2006
Audi,S4,2006
Audi,S4,2007
Audi,S4,2007
Audi,S4,2008
Audi,S4,2008
Audi,S4,2010
Audi,S4,2010
Audi,S4,2011
Audi,S4,2011
Audi,S4,2012
Audi,S4,2012
Audi,S4,2013
Audi,S4,2013
Audi,S4,2014
Audi,S4,2014
Audi,S4,2015
Audi,S4,2015
Audi,S4,2016
Audi,S4,2016
Audi,S4 Avant,2001
Audi,S4 Avant,2001
Audi,S4 Avant,2002
Audi,S4 Avant,2002
Audi,S4 Avant,2004
Audi,S4 Avant,2004
Audi,S4 Avant,2005
Audi,S4 Avant,2005
Audi,S4 Avant,2006
Audi,S4 Avant,2006
Audi,S4 Avant,2007
Audi,S4 Avant,2007
Audi,S4 Avant,2008
Audi,S4 Avant,2008
Audi,S4 Cabriolet,2004
Audi,S4 Cabriolet,2004
Audi,S4 Cabriolet,2005
Audi,S4 Cabriolet,2005
Audi,S4 Cabriolet,2006
Audi,S4 Cabriolet,2006
Audi,S4 Cabriolet,2007
Audi,S4 Cabriolet,2007
Audi,S4 Cabriolet,2008
Audi,S4 Cabriolet,2008
Audi,S4 Cabriolet,2009
Audi,S4 Cabriolet,2009
Audi,S5,2008
Audi,S5,2008
Audi,S5,2009
Audi,S5,2009
Audi,S5,2010
Audi,S5,2010
Audi,S5,2011
Audi,S5,2011
Audi,S5,2012
Audi,S5,2012
Audi,S5,2013
Audi,S5,2013
Audi,S5,2014
Audi,S5,2014
Audi,S5,2015
Audi,S5,2015
Audi,S5,2016
Audi,S5,2016
Audi,S5,2017
Audi,S5,2017
Audi,S5 Cabriolet,2010
Audi,S5 Cabriolet,2011
Audi,S5 Cabriolet,2012
Audi,S5 Cabriolet,2013
Audi,S5 Cabriolet,2014
Audi,S5 Cabriolet,2015
Audi,S5 Cabriolet,2016
Audi,S5 Cabriolet,2017
Audi,S6,1995
Audi,S6,2007
Audi,S6,2008
Audi,S6,2009
Audi,S6,2010
Audi,S6,2011
Audi,S6,2013
Audi,S6,2014
Audi,S6,2015
Audi,S6,2016
Audi,S6,2017
Audi,S6 Avant,2002
Audi,S6 Avant,2003
Audi,S6 Wagon,1995
Audi,S7,2013
Audi,S7,2014
Audi,S7,2015
Audi,S7,2016
Audi,S7,2017
Audi,S8,2003
Audi,S8,2007
Audi,S8,2008
Audi,S8,2009
Audi,S8,2013
Audi,S8,2014
Audi,S8,2015
Audi,S8,2016
Audi,S8,2017
Audi,S8 quattro,2001
Audi,S8 quattro,2002
Audi,SQ5,2014
Audi,SQ5,2015
Audi,SQ5,2016
Audi,SQ5,2017
Audi,TT Coupe,2000
Audi,TT Coupe,2001
Audi,TT Coupe,2002
Audi,TT Coupe,2003
Audi,TT Coupe,2004
Audi,TT Coupe,2005
Audi,TT Coupe,2006
Audi,TT Coupe,2008
Audi,TT Coupe,2009
Audi,TT Coupe quattro,2000
Audi,TT Coupe quattro,2001
Audi,TT Coupe quattro,2001
Audi,TT Coupe quattro,2002
Audi,TT Coupe quattro,2002
Audi,TT Coupe quattro,2003
Audi,TT Coupe quattro,2004
Audi,TT Coupe quattro,2004
Audi,TT Coupe quattro,2005
Audi,TT Coupe quattro,2005
Audi,TT Coupe quattro,2006
Audi,TT Coupe quattro,2006
Audi,TT Coupe quattro,2008
Audi,TT Coupe quattro,2008
Audi,TT Coupe quattro,2009
Audi,TT Coupe quattro,2009
Audi,TT Coupe quattro,2009
Audi,TT Coupe quattro,2010
Audi,TT Coupe quattro,2011
Audi,TT Coupe quattro,2012
Audi,TT Coupe quattro,2013
Audi,TT Coupe quattro,2014
Audi,TT Coupe quattro,2015
Audi,TT Coupe quattro,2016
Audi,TT Coupe quattro,2017
Audi,TT RS Coupe,2012
Audi,TT RS Coupe,2013
Audi,TT Roadster,2001
Audi,TT Roadster,2002
Audi,TT Roadster,2003
Audi,TT Roadster,2004
Audi,TT Roadster,2005
Audi,TT Roadster,2006
Audi,TT Roadster,2008
Audi,TT Roadster,2009
Audi,TT Roadster quattro,2001
Audi,TT Roadster quattro,2002
Audi,TT Roadster quattro,2003
Audi,TT Roadster quattro,2004
Audi,TT Roadster quattro,2004
Audi,TT Roadster quattro,2005
Audi,TT Roadster quattro,2005
Audi,TT Roadster quattro,2006
Audi,TT Roadster quattro,2006
Audi,TT Roadster quattro,2008
Audi,TT Roadster quattro,2008
Audi,TT Roadster quattro,2009
Audi,TT Roadster quattro,2009
Audi,TT Roadster quattro,2009
Audi,TT Roadster quattro,2010
Audi,TT Roadster quattro,2011
Audi,TT Roadster quattro,2012
Audi,TT Roadster quattro,2013
Audi,TT Roadster quattro,2014
Audi,TT Roadster quattro,2015
Audi,TT Roadster quattro,2016
Audi,TT Roadster quattro,2017
Audi,TTS Coupe,2016
Audi,TTS Coupe,2017
Audi,V8,1990
Audi,V8,1990
Audi,V8,1991
Audi,V8,1991
Audi,V8,1992
Audi,V8,1993
Audi,V8,1994
Audi,allroad quattro,2013
Audi,allroad quattro,2013
Audi,allroad quattro,2014
Audi,allroad quattro,2015
Audi,allroad quattro,2016
